"大类","类型","CCF分级","川大分级","简称","全称"
"计算机体系结构/并行与分布计算/存储系统","期刊","A","D","TOCS","ACM Transactions on Computer Systems"
"计算机体系结构/并行与分布计算/存储系统","期刊","A","D","TOS","ACM Transactions on Storage"
"计算机体系结构/并行与分布计算/存储系统","期刊","A","C","TCAD","IEEE Transactions on Computer-Aided Design of Integrated Circuits and Systems"
"计算机体系结构/并行与分布计算/存储系统","期刊","A","C","TC","IEEE Transactions on Computers"
"计算机体系结构/并行与分布计算/存储系统","期刊","A","C","TPDS","IEEE Transactions on Parallel and Distributed Systems"
"计算机体系结构/并行与分布计算/存储系统","期刊","A","D","TACO","ACM Transactions on Architecture and Code Optimization"
"计算机体系结构/并行与分布计算/存储系统","期刊","B","D","TAAS","ACM Transactions on Autonomous and Adaptive Systems"
"计算机体系结构/并行与分布计算/存储系统","期刊","B","E","TODAES","ACM Transactions on Design Automation of Electronic Systems"
"计算机体系结构/并行与分布计算/存储系统","期刊","B","D","TECS","ACM Transactions on Embedded Computing Systems"
"计算机体系结构/并行与分布计算/存储系统","期刊","B","E","TRETS","ACM Transactions on Reconfigurable Technology and Systems"
"计算机体系结构/并行与分布计算/存储系统","期刊","B","C","TVLSI","IEEE Transactions on Very Large Scale Integration (VLSI) Systems"
"计算机体系结构/并行与分布计算/存储系统","期刊","B","D","JPDC","Journal of Parallel and Distributed Computing"
"计算机体系结构/并行与分布计算/存储系统","期刊","B","D","JSA","Journal of Systems Architecture: Embedded Software Design"
"计算机体系结构/并行与分布计算/存储系统","期刊","B","D","","Parallel Computing"
"计算机体系结构/并行与分布计算/存储系统","期刊","B","D","","Performance Evaluation: An International Journal"
"计算机体系结构/并行与分布计算/存储系统","期刊","B","C","TCC","IEEE Transactions on Cloud Computing"
"计算机体系结构/并行与分布计算/存储系统","期刊","C","E","JETC","ACM Journal on Emerging Technologies in Computing Systems"
"计算机体系结构/并行与分布计算/存储系统","期刊","C","E","","Concurrency and Computation: Practice and Experience"
"计算机体系结构/并行与分布计算/存储系统","期刊","C","D","DC","Distributed Computing"
"计算机体系结构/并行与分布计算/存储系统","期刊","C","B","FGCS","Future Generation Computer Systems"
"计算机体系结构/并行与分布计算/存储系统","期刊","C","D","Integration","Integration, the VLSI Journal"
"计算机体系结构/并行与分布计算/存储系统","期刊","C","E","JETTA","Journal of Electronic Testing-Theory and Applications"
"计算机体系结构/并行与分布计算/存储系统","期刊","C","D","JGC","Journal of Grid computing"
"计算机体系结构/并行与分布计算/存储系统","期刊","C","C","RTS","Real-Time Systems"
"计算机体系结构/并行与分布计算/存储系统","期刊","C","E","TJSC","The Journal of Supercomputing"
"计算机体系结构/并行与分布计算/存储系统","期刊","C","B","TCASI","IEEE Transactions on Circuits and Systems I: Regular Papers"
"计算机体系结构/并行与分布计算/存储系统","期刊","C",,"CCF-THPC","CCF Transactions on High Performance Computing"
"计算机体系结构/并行与分布计算/存储系统","期刊","C",,"TSUSC","IEEE Transactions on Sustainable Computing"
"计算机体系结构/并行与分布计算/存储系统","会议","A",,"PPoPP","ACM SIGPLAN Symposium on Principles & Practice of Parallel Programming"
"计算机体系结构/并行与分布计算/存储系统","会议","A",,"FAST","USENIX Conference on File and Storage Technologies"
"计算机体系结构/并行与分布计算/存储系统","会议","A",,"DAC","Design Automation Conference"
"计算机体系结构/并行与分布计算/存储系统","会议","A",,"HPCA","IEEE International Symposium on High Performance Computer Architecture"
"计算机体系结构/并行与分布计算/存储系统","会议","A",,"MICRO","IEEE/ACM International Symposium on Microarchitecture"
"计算机体系结构/并行与分布计算/存储系统","会议","A",,"SC","International Conference for High Performance Computing, Networking, Storage, and Analysis"
"计算机体系结构/并行与分布计算/存储系统","会议","A",,"ASPLOS","International Conference on Architectural Support for Programming Languages and Operating Systems"
"计算机体系结构/并行与分布计算/存储系统","会议","A",,"ISCA","International Symposium on Computer Architecture"
"计算机体系结构/并行与分布计算/存储系统","会议","A",,"ACM SIGOPS ATC （原USENIX ATC）","ACM SIGOPS Annual Technical Conference"
"计算机体系结构/并行与分布计算/存储系统","会议","A",,"EuroSys","European Conference on Computer Systems"
"计算机体系结构/并行与分布计算/存储系统","会议","A",,"HPDC","The International ACM Symposium on High-Performance Parallel and Distributed Computing"
"计算机体系结构/并行与分布计算/存储系统","会议","B",,"SoCC","ACM Symposium on Cloud Computing"
"计算机体系结构/并行与分布计算/存储系统","会议","B",,"SPAA","ACM Symposium on Parallelism in Algorithms and Architectures"
"计算机体系结构/并行与分布计算/存储系统","会议","B",,"PODC","ACM Symposium on Principles of Distributed Computing"
"计算机体系结构/并行与分布计算/存储系统","会议","B",,"FPGA","ACM/SIGDA International Symposium on Field-Programmable Gate Arrays"
"计算机体系结构/并行与分布计算/存储系统","会议","B",,"CGO","The International Symposium on Code Generation and Optimization"
"计算机体系结构/并行与分布计算/存储系统","会议","B",,"DATE","Design, Automation & Test in Europe"
"计算机体系结构/并行与分布计算/存储系统","会议","B",,"HOT CHIPS","Hot Chips: A Symposium on High Performance Chips"
"计算机体系结构/并行与分布计算/存储系统","会议","B",,"CLUSTER","IEEE International Conference on Cluster Computing"
"计算机体系结构/并行与分布计算/存储系统","会议","B",,"ICCD","International Conference on Computer Design"
"计算机体系结构/并行与分布计算/存储系统","会议","B",,"ICCAD","International Conference on Computer-Aided Design"
"计算机体系结构/并行与分布计算/存储系统","会议","B",,"ICDCS","IEEE International Conference on Distributed Computing Systems"
"计算机体系结构/并行与分布计算/存储系统","会议","B",,"CODES+ ISSS","International Conference on Hardware/Software Co-design and System Synthesis"
"计算机体系结构/并行与分布计算/存储系统","会议","B",,"HiPEAC","International Conference on High Performance and Embedded Architectures and Compilers"
"计算机体系结构/并行与分布计算/存储系统","会议","B",,"SIG-METRICS","International Conference on Measurement and Modeling of Computer Systems"
"计算机体系结构/并行与分布计算/存储系统","会议","B",,"PACT","International Conference on Parallel Architectures and Compilation Techniques"
"计算机体系结构/并行与分布计算/存储系统","会议","B",,"ICPP","International Conference on Parallel Processing"
"计算机体系结构/并行与分布计算/存储系统","会议","B",,"ICS","International Conference on Supercomputing"
"计算机体系结构/并行与分布计算/存储系统","会议","B",,"VEE","International Conference on Virtual Execution Environments"
"计算机体系结构/并行与分布计算/存储系统","会议","B",,"IPDPS","IEEE International Parallel & Distributed Processing Symposium"
"计算机体系结构/并行与分布计算/存储系统","会议","B",,"Performance","International Symposium on Computer Performance, Modeling, Measurements and Evaluation"
"计算机体系结构/并行与分布计算/存储系统","会议","B",,"ITC","International Test Conference"
"计算机体系结构/并行与分布计算/存储系统","会议","B",,"LISA","Large Installation System Administration Conference"
"计算机体系结构/并行与分布计算/存储系统","会议","B",,"MSST","Mass Storage Systems and Technologies"
"计算机体系结构/并行与分布计算/存储系统","会议","B",,"RTAS","IEEE Real-Time and Embedded Technology and Applications Symposium"
"计算机体系结构/并行与分布计算/存储系统","会议","B",,"Euro-Par","European Conference on Parallel and Distributed Computing Springer"
"计算机体系结构/并行与分布计算/存储系统","会议","B",,"ISCAS","IEEE International Symposium on Circuits and Systems"
"计算机体系结构/并行与分布计算/存储系统","会议","C",,"CF","ACM International Conference on Computing Frontiers"
"计算机体系结构/并行与分布计算/存储系统","会议","C",,"SYSTOR","ACM International Systems and Storage Conference"
"计算机体系结构/并行与分布计算/存储系统","会议","C",,"NOCS","ACM/IEEE International Symposium on Networks-on-Chip"
"计算机体系结构/并行与分布计算/存储系统","会议","C",,"ASAP","IEEE International Conference on Application-Specific Systems, Architectures, and Processors"
"计算机体系结构/并行与分布计算/存储系统","会议","C",,"ASP-DAC","Asia and South Pacific Design Automation Conference"
"计算机体系结构/并行与分布计算/存储系统","会议","C",,"ETS","IEEE European Test Symposium"
"计算机体系结构/并行与分布计算/存储系统","会议","C",,"FPL","International Conference on Field-Programmable Logic and Applications"
"计算机体系结构/并行与分布计算/存储系统","会议","C",,"FCCM","IEEE Symposium on Field-Programmable Custom Computing Machines"
"计算机体系结构/并行与分布计算/存储系统","会议","C",,"GLSVLSI","Great Lakes Symposium on VLSI"
"计算机体系结构/并行与分布计算/存储系统","会议","C",,"ATS","IEEE Asian Test Symposium"
"计算机体系结构/并行与分布计算/存储系统","会议","C",,"HPCC","IEEE International Conference on High Performance Computing and Communications"
"计算机体系结构/并行与分布计算/存储系统","会议","C",,"HiPC","IEEE International Conference on High Performance Computing, Data and Analytics"
"计算机体系结构/并行与分布计算/存储系统","会议","C",,"MASCOTS","International Symposium on Modeling, Analysis, and Simulation of Computer and Telecommunication Systems"
"计算机体系结构/并行与分布计算/存储系统","会议","C",,"ISPA","IEEE International Symposium on Parallel and Distributed Processing with Applications"
"计算机体系结构/并行与分布计算/存储系统","会议","C",,"CCGRID","IEEE/ACM International Symposium on Cluster, Cloud and Grid Computing"
"计算机体系结构/并行与分布计算/存储系统","会议","C",,"NPC","IFIP International Conference on Network and Parallel Computing"
"计算机体系结构/并行与分布计算/存储系统","会议","C",,"ICA3PP","International Conference on Algorithms and Architectures for Parallel Processing"
"计算机体系结构/并行与分布计算/存储系统","会议","C",,"CASES","International Conference on Compilers, Architectures, and Synthesis for Embedded Systems"
"计算机体系结构/并行与分布计算/存储系统","会议","C",,"FPT","International Conference on Field-Programmable Technology"
"计算机体系结构/并行与分布计算/存储系统","会议","C",,"ICPADS","International Conference on Parallel and Distributed Systems"
"计算机体系结构/并行与分布计算/存储系统","会议","C",,"ISLPED","International Symposium on Low Power Electronics and Design"
"计算机体系结构/并行与分布计算/存储系统","会议","C",,"ISPD","International Symposium on Physical Design"
"计算机体系结构/并行与分布计算/存储系统","会议","C",,"HOTI","IEEE Symposium on High-Performance Interconnects"
"计算机体系结构/并行与分布计算/存储系统","会议","C",,"VTS","IEEE VLSI Test Symposium"
"计算机体系结构/并行与分布计算/存储系统","会议","C",,"ITC-Asia","International Test Conference in Asia"
"计算机体系结构/并行与分布计算/存储系统","会议","C",,"SEC","ACM/IEEE Symposium on Edge Computing"
"计算机体系结构/并行与分布计算/存储系统","会议","C",,"NAS","International Conference on Networking, Architecture and Storages"
"计算机体系结构/并行与分布计算/存储系统","会议","C",,"HotStorage","HotStorage"
"计算机体系结构/并行与分布计算/存储系统","会议","C",,"APPT","International Symposium on Advanced Parallel Processing Technology"
"计算机体系结构/并行与分布计算/存储系统","会议","C",,"JCC","International Conference on JointCloud Computing"
"计算机网络","期刊","A","B","JSAC","IEEE Journal on Selected Areas in Communications"
"计算机网络","期刊","A","C","TMC","IEEE Transactions on Mobile Computing"
"计算机网络","期刊","A","C","TON","IEEE Transactions on Networking （原 IEEE/ACM Transactions on Networking）"
"计算机网络","期刊","B","D","TOIT","ACM Transactions on Internet Technology"
"计算机网络","期刊","B","D","TOMM","ACM Transactions on Multimedia Computing, Communications and Applications"
"计算机网络","期刊","B","D","TOSN","ACM Transactions on Sensor Networks"
"计算机网络","期刊","B","D","CN","Computer Networks"
"计算机网络","期刊","B","B","TCOM","IEEE Transactions on Communications"
"计算机网络","期刊","B","B","TWC","IEEE Transactions on Wireless Communications"
"计算机网络","期刊","C","C","","Ad Hoc Networks"
"计算机网络","期刊","C","D","CC","Computer Communications"
"计算机网络","期刊","C","C","TNSM","IEEE Transactions on Network and Service Management"
"计算机网络","期刊","C","E","","IET Communications"
"计算机网络","期刊","C","C","JNCA","Journal of Network and Computer Applications"
"计算机网络","期刊","C","E","MONET","Mobile Networks and Applications"
"计算机网络","期刊","C","E","","Networks"
"计算机网络","期刊","C","D","PPNA","Peer-to-Peer Networking and Applications"
"计算机网络","期刊","C","E","WCMC","Wireless Communications and Mobile Computing"
"计算机网络","期刊","C","E","","Wireless Networks"
"计算机网络","期刊","C","B","IOT","IEEE Internet of Things Journal"
"计算机网络","期刊","C",,"TIOT","ACM Transactions on Internet of Things"
"计算机网络","会议","A",,"SIGCOMM","ACM International Conference on Applications, Technologies, Architectures, and Protocols for Computer Communication"
"计算机网络","会议","A",,"MobiCom","ACM International Conference on Mobile Computing and Networking"
"计算机网络","会议","A",,"INFOCOM","IEEE International Conference on Computer Communications"
"计算机网络","会议","A",,"NSDI","Symposium on Network System Design and Implementation"
"计算机网络","会议","B",,"SenSys","ACM Conference on Embedded Networked Sensor Systems"
"计算机网络","会议","B",,"CoNEXT","ACM International Conference on Emerging Networking Experiments and Technologies"
"计算机网络","会议","B",,"SECON","IEEE International Conference on Sensing, Communication, and Networking"
"计算机网络","会议","B",,"IPSN","International Conference on Information Processing in Sensor Networks"
"计算机网络","会议","B",,"MobiSys","ACM International Conference on Mobile Systems, Applications,  and Services"
"计算机网络","会议","B",,"ICNP","IEEE International Conference on Network Protocols"
"计算机网络","会议","B",,"MobiHoc","International Symposium on Theory, Algorithmic Foundations, and Protocol Design for Mobile Networks and Mobile Computing"
"计算机网络","会议","B",,"NOSSDAV","International Workshop on Network and Operating System Support for Digital Audio and Video"
"计算机网络","会议","B",,"IWQoS","IEEE/ACM International Workshop on Quality of Service"
"计算机网络","会议","B",,"IMC","ACM Internet Measurement Conference"
"计算机网络","会议","C",,"ANCS","ACM/IEEE Symposium on Architectures for Networking and Communication Systems"
"计算机网络","会议","C",,"APNOMS","Asia-Pacific Network Operations and Management Symposium"
"计算机网络","会议","C",,"FORTE","International Conference on Formal Techniques for Distributed  Objects, Components, and Systems"
"计算机网络","会议","C",,"LCN","IEEE Conference on Local Computer Networks"
"计算机网络","会议","C",,"GLOBECOM","IEEE Global Communications Conference"
"计算机网络","会议","C",,"ICC","IEEE International Conference on Communications"
"计算机网络","会议","C",,"ICCCN","IEEE International Conference on Computer Communications and Networks"
"计算机网络","会议","C",,"MASS","IEEE International Conference on Mobile Adhoc and Sensor Systems"
"计算机网络","会议","C",,"P2P","IEEE International Conference on Peer-to-Peer Computing"
"计算机网络","会议","C",,"IPCCC","IEEE International Performance Computing and Communications Conference"
"计算机网络","会议","C",,"WoWMoM","IEEE International Symposium on a World of Wireless, Mobile and Multimedia Networks"
"计算机网络","会议","C",,"ISCC","IEEE Symposium on Computers and Communications"
"计算机网络","会议","C",,"WCNC","IEEE Wireless Communications and Networking Conference"
"计算机网络","会议","C",,"Networking","IFIP International Conferences on Networking"
"计算机网络","会议","C",,"IM","IFIP/IEEE International Symposium on Integrated Network Management"
"计算机网络","会议","C",,"MSN","International Conference on Mobility, Sensing and Networking"
"计算机网络","会议","C",,"MSWiM","International Conference on Modeling, Analysis and Simulation of Wireless and Mobile Systems"
"计算机网络","会议","C",,"WASA","The International Conference on Wireless Artificial Intelligent Computing Systems and Applications"
"计算机网络","会议","C",,"HotNets","ACM The Workshop on Hot Topics in Networks"
"计算机网络","会议","C",,"APNet","Asia-Pacific Workshop on Networking"
"网络与信息安全","期刊","A","B","TDSC","IEEE Transactions on Dependable and Secure Computing"
"网络与信息安全","期刊","A","B","TIFS","IEEE Transactions on Information Forensics and Security"
"网络与信息安全","期刊","A","D","","Journal of Cryptology"
"网络与信息安全","期刊","B","C","TOPS","ACM Transactions on Privacy and Security"
"网络与信息安全","期刊","B","C","","Computers & Security"
"网络与信息安全","期刊","B","C","","Designs, Codes and Cryptography"
"网络与信息安全","期刊","B",,"JCS","Journal of Computer Security"
"网络与信息安全","期刊","B",,"Cybersecurity","Cybersecurity"
"网络与信息安全","期刊","C",,"CLSR","Computer Law & Security Review"
"网络与信息安全","期刊","C",,"","EURASIP Journal on Information Security"
"网络与信息安全","期刊","C","E","","IET Information Security"
"网络与信息安全","期刊","C",,"IMCS","Information and Computer Security"
"网络与信息安全","期刊","C",,"IJICS","International Journal of Information and Computer Security"
"网络与信息安全","期刊","C",,"IJISP","International Journal of Information Security and Privacy"
"网络与信息安全","期刊","C","E","JISA","Journal of Information Security and Applications"
"网络与信息安全","期刊","C","E","SCN","Security and Communication Networks"
"网络与信息安全","期刊","C",,"HCC","High-Confidence Computing"
"网络与信息安全","会议","A",,"CCS","ACM Conference on Computer and Communications Security"
"网络与信息安全","会议","A",,"EUROCRYPT","International Conference on the Theory and Applications of  Cryptographic Techniques"
"网络与信息安全","会议","A",,"S&P","IEEE Symposium on Security and Privacy"
"网络与信息安全","会议","A",,"CRYPTO","International Cryptology Conference"
"网络与信息安全","会议","A",,"USENIX Security","USENIX Security Symposium"
"网络与信息安全","会议","A",,"NDSS","Network and Distributed System Security Symposium"
"网络与信息安全","会议","B",,"ACSAC","Annual Computer Security Applications Conference"
"网络与信息安全","会议","B",,"ASIACRYPT","Annual International Conference on the Theory and Application of Cryptology and Information Security"
"网络与信息安全","会议","B",,"ESORICS","European Symposium on Research in Computer Security"
"网络与信息安全","会议","B",,"FSE","Fast Software Encryption"
"网络与信息安全","会议","B",,"CSFW","IEEE Computer Security Foundations Workshop"
"网络与信息安全","会议","B",,"SRDS","IEEE International Symposium on Reliable Distributed Systems"
"网络与信息安全","会议","B",,"CHES","International Conference on Cryptographic Hardware and Embedded Systems"
"网络与信息安全","会议","B",,"DSN","International Conference on Dependable Systems and Networks"
"网络与信息安全","会议","B",,"RAID","International Symposium on Recent Advances in Intrusion Detection"
"网络与信息安全","会议","B",,"PKC","International Workshop on Practice and Theory in Public Key Cryptography"
"网络与信息安全","会议","B",,"TCC","Theory of Cryptography Conference"
"网络与信息安全","会议","C",,"WiSec","ACM Conference on Security and Privacy in Wireless and Mobile Networks"
"网络与信息安全","会议","C",,"SACMAT","ACM Symposium on Access Control Models and Technologies"
"网络与信息安全","会议","C",,"DRM","ACM Workshop on Digital Rights Management"
"网络与信息安全","会议","C",,"IH&MMSec","ACM Workshop on Information Hiding and Multimedia Security"
"网络与信息安全","会议","C",,"ACNS","International Conference on Applied Cryptography and Network Security"
"网络与信息安全","会议","C",,"AsiaCCS","ACM Asia Conference on Computer and Communications Security"
"网络与信息安全","会议","C",,"ACISP","Australasia Conference on Information Security and Privacy"
"网络与信息安全","会议","C",,"CT-RSA","The Cryptographer's Track at RSA Conference"
"网络与信息安全","会议","C",,"DIMVA","Conference on Detection of Intrusions and Malware & Vulnerability Assessment"
"网络与信息安全","会议","C",,"DFRWS","Digital Forensic Research Workshop"
"网络与信息安全","会议","C",,"FC","Financial Cryptography and Data Security"
"网络与信息安全","会议","C",,"TrustCom","IEEE International Conference on Trust, Security and Privacy in Computing and Communications"
"网络与信息安全","会议","C",,"SEC","IFIP International Information Security Conference"
"网络与信息安全","会议","C",,"IFIP WG 11.9","IFIP Working Group 11.9 International Conference on Digital Forensics"
"网络与信息安全","会议","C",,"ISC","Information Security Conference"
"网络与信息安全","会议","C",,"ICDF2C","International Conference on Digital Forensics & Cyber Crime"
"网络与信息安全","会议","C",,"ICICS","International Conference on Information and Communications Security"
"网络与信息安全","会议","C",,"SecureComm","International Conference on Security and Privacy in Communication Networks"
"网络与信息安全","会议","C",,"NSPW","New Security Paradigms Workshop"
"网络与信息安全","会议","C",,"PAM","Passive and Active Measurement Conference"
"网络与信息安全","会议","C",,"PETS","Privacy Enhancing Technologies Symposium"
"网络与信息安全","会议","C",,"SAC","Selected Areas in Cryptography"
"网络与信息安全","会议","C",,"SOUPS","Symposium On Usable Privacy and Security"
"网络与信息安全","会议","C",,"HotSec","USENIX Workshop on Hot Topics in Security"
"网络与信息安全","会议","C",,"EuroS&P","IEEE European Symposium on Security and Privacy"
"网络与信息安全","会议","C",,"Inscrypt","International Conference on Information Security and Cryptology"
"网络与信息安全","会议","C",,"CODASPY","Conference on Data and Application Security and Privacy"
"网络与信息安全","会议","C",,"BlockSys","International Conference on Blockchain, Artificial Intelligence, and Trustworthy Systems"
"网络与信息安全","会议","C",,"CSCloud","International Conference on Cyber Security and Cloud Computing"
"软件工程/系统软件/程序设计语言","期刊","A","E","TOPLAS","ACM Transactions on Programming Languages and Systems"
"软件工程/系统软件/程序设计语言","期刊","A","D","TOSEM","ACM Transactions on Software Engineering and Methodology"
"软件工程/系统软件/程序设计语言","期刊","A","B","TSE","IEEE Transactions on Software Engineering"
"软件工程/系统软件/程序设计语言","期刊","A","C","TSC","IEEE Transactions on Services Computing"
"软件工程/系统软件/程序设计语言","期刊","B","C","ASE","Automated Software Engineering"
"软件工程/系统软件/程序设计语言","期刊","B","B","ESE","Empirical Software Engineering"
"软件工程/系统软件/程序设计语言","期刊","B","D","IETS","IET Software"
"软件工程/系统软件/程序设计语言","期刊","B","C","IST","Information and Software Technology"
"软件工程/系统软件/程序设计语言","期刊","B","D","JFP","Journal of Functional Programming"
"软件工程/系统软件/程序设计语言","期刊","B","E","","Journal of Software: Evolution and Process"
"软件工程/系统软件/程序设计语言","期刊","B","C","JSS","Journal of Systems and Software"
"软件工程/系统软件/程序设计语言","期刊","B","D","RE","Requirements Engineering"
"软件工程/系统软件/程序设计语言","期刊","B","D","SCP","Science of Computer Programming"
"软件工程/系统软件/程序设计语言","期刊","B","C","SoSyM","Software and Systems Modeling"
"软件工程/系统软件/程序设计语言","期刊","B","D","STVR","Software Testing, Verification and Reliability"
"软件工程/系统软件/程序设计语言","期刊","B","D","SPE","Software: Practice and Experience"
"软件工程/系统软件/程序设计语言","期刊","C","C","CL","Computer Languages, Systems and Structures"
"软件工程/系统软件/程序设计语言","期刊","C","E","IJSEKE","International Journal of Software Engineering and Knowledge Engineering"
"软件工程/系统软件/程序设计语言","期刊","C","D","STTT","International Journal of Software Tools for Technology Transfer"
"软件工程/系统软件/程序设计语言","期刊","C","E","JLAMP","Journal of Logical and Algebraic Methods in Programming"
"软件工程/系统软件/程序设计语言","期刊","C","E","JWE","Journal of Web Engineering"
"软件工程/系统软件/程序设计语言","期刊","C",,"SOCA","Service Oriented Computing and Applications"
"软件工程/系统软件/程序设计语言","期刊","C","D","SQJ","Software Quality Journal"
"软件工程/系统软件/程序设计语言","期刊","C","D","TPLP","Theory and Practice of Logic Programming"
"软件工程/系统软件/程序设计语言","期刊","C",,"PACM PL","Proceedings of the ACM on Programming Languages"
"软件工程/系统软件/程序设计语言","会议","A",,"PLDI","ACM SIGPLAN Conference on Programming Language Design and Implementation"
"软件工程/系统软件/程序设计语言","会议","A",,"POPL","ACM SIGPLAN-SIGACT Symposium on Principles of Programming Languages"
"软件工程/系统软件/程序设计语言","会议","A",,"FSE","ACM International Conference on the Foundations of Software Engineering"
"软件工程/系统软件/程序设计语言","会议","A",,"SOSP","ACM Symposium on Operating Systems Principles"
"软件工程/系统软件/程序设计语言","会议","A",,"OOPSLA","Conference on Object-Oriented Programming Systems, Languages, and Applications"
"软件工程/系统软件/程序设计语言","会议","A",,"ASE","International Conference on Automated Software Engineering"
"软件工程/系统软件/程序设计语言","会议","A",,"ICSE","International Conference on Software Engineering"
"软件工程/系统软件/程序设计语言","会议","A",,"ISSTA","International Symposium on Software Testing and Analysis"
"软件工程/系统软件/程序设计语言","会议","A",,"OSDI","USENIX Symposium on Operating Systems Design and Implementation"
"软件工程/系统软件/程序设计语言","会议","A",,"FM","International Symposium on Formal Methods"
"软件工程/系统软件/程序设计语言","会议","B",,"ECOOP","European Conference on Object-Oriented Programming"
"软件工程/系统软件/程序设计语言","会议","B",,"ETAPS","European Joint Conferences on Theory and Practice of Software"
"软件工程/系统软件/程序设计语言","会议","B",,"ICPC","IEEE International Conference on Program Comprehension"
"软件工程/系统软件/程序设计语言","会议","B",,"RE","IEEE International Requirements Engineering Conference"
"软件工程/系统软件/程序设计语言","会议","B",,"CAiSE","International Conference on Advanced Information Systems Engineering"
"软件工程/系统软件/程序设计语言","会议","B",,"ICFP","ACM SIGPLAN International Conference on Function Programming"
"软件工程/系统软件/程序设计语言","会议","B",,"LCTES","ACM SIGPLAN/SIGBED International Conference on Languages, Compilers and Tools for Embedded Systems"
"软件工程/系统软件/程序设计语言","会议","B",,"MoDELS","ACM/IEEE International Conference on Model Driven EngineeringLanguages and Systems"
"软件工程/系统软件/程序设计语言","会议","B",,"CP","International Conference on Principles and Practice of Constraint Programming"
"软件工程/系统软件/程序设计语言","会议","B",,"ICSOC","International Conference on Service Oriented Computing"
"软件工程/系统软件/程序设计语言","会议","B",,"SANER","IEEE International Conference on Software Analysis, Evolution,  and Reengineering"
"软件工程/系统软件/程序设计语言","会议","B",,"ICSME","International Conference on Software Maintenance and Evolution"
"软件工程/系统软件/程序设计语言","会议","B",,"VMCAI","International Conference on Verification, Model Checking and Abstract Interpretation"
"软件工程/系统软件/程序设计语言","会议","B",,"ICWS","IEEE International Conference on Web Services"
"软件工程/系统软件/程序设计语言","会议","B",,"Middleware","International Middleware Conference"
"软件工程/系统软件/程序设计语言","会议","B",,"SAS","International Static Analysis Symposium"
"软件工程/系统软件/程序设计语言","会议","B",,"ESEM","International Symposium on Empirical Software Engineering and Measurement"
"软件工程/系统软件/程序设计语言","会议","B",,"ISSRE","IEEE International Symposium on Software Reliability Engineering"
"软件工程/系统软件/程序设计语言","会议","B",,"HotOS","USENIX Workshop on Hot Topics in Operating Systems"
"软件工程/系统软件/程序设计语言","会议","B",,"CC","International Conference on Compiler Construction"
"软件工程/系统软件/程序设计语言","会议","C",,"PEPM","ACM SIGPLAN Workshop on Partial Evaluation and Program Manipulation"
"软件工程/系统软件/程序设计语言","会议","C",,"PASTE","ACMSIGPLAN-SIGSOFT Workshop on Program Analysis for Software Tools and Engineering"
"软件工程/系统软件/程序设计语言","会议","C",,"APLAS","Asian Symposium on Programming Languages and Systems"
"软件工程/系统软件/程序设计语言","会议","C",,"APSEC","Asia-Pacific Software Engineering Conference"
"软件工程/系统软件/程序设计语言","会议","C",,"EASE","International Conference on Evaluation and Assessment in Software Engineering"
"软件工程/系统软件/程序设计语言","会议","C",,"ICECCS","International Conference on Engineering of Complex Computer Systems"
"软件工程/系统软件/程序设计语言","会议","C",,"ICST","IEEE International Conference on Software Testing, Verification and Validation"
"软件工程/系统软件/程序设计语言","会议","C",,"ISPASS","IEEE International Symposium on Performance Analysis of Systems and Software"
"软件工程/系统软件/程序设计语言","会议","C",,"SCAM","IEEE International Working Conference on Source Code Analysis and Manipulation"
"软件工程/系统软件/程序设计语言","会议","C",,"COMPSAC","International Computer Software and Applications Conference"
"软件工程/系统软件/程序设计语言","会议","C",,"ICFEM","International Conference on Formal Engineering Methods"
"软件工程/系统软件/程序设计语言","会议","C",,"SSE","IEEE International Conference on Software Services Engineering"
"软件工程/系统软件/程序设计语言","会议","C",,"ICSSP","International Conference on Software and System Process"
"软件工程/系统软件/程序设计语言","会议","C",,"SEKE","International Conference on Software Engineering and Knowledge Engineering"
"软件工程/系统软件/程序设计语言","会议","C",,"QRS","International Conference on Software Quality, Reliability and Security"
"软件工程/系统软件/程序设计语言","会议","C",,"ICSR","International Conference on Software Reuse"
"软件工程/系统软件/程序设计语言","会议","C",,"ICWE","International Conference on Web Engineering"
"软件工程/系统软件/程序设计语言","会议","C",,"SPIN","International Symposium on Model Checking of Software"
"软件工程/系统软件/程序设计语言","会议","C",,"ATVA","International Symposium on Automated Technology for Verification and Analysis"
"软件工程/系统软件/程序设计语言","会议","C",,"LOPSTR","International Symposium on Logic-based Program Synthesis and Transformation"
"软件工程/系统软件/程序设计语言","会议","C",,"TASE","Theoretical Aspects of Software Engineering Conference"
"软件工程/系统软件/程序设计语言","会议","C",,"MSR","Mining Software Repositories"
"软件工程/系统软件/程序设计语言","会议","C",,"REFSQ","Requirements Engineering: Foundation for Software Quality"
"软件工程/系统软件/程序设计语言","会议","C",,"WICSA","Working IEEE/IFIP Conference on Software Architecture"
"软件工程/系统软件/程序设计语言","会议","C",,"Internetware","Asia-Pacific Symposium on Internetware"
"软件工程/系统软件/程序设计语言","会议","C",,"RV","International Conference on Runtime Verification"
"软件工程/系统软件/程序设计语言","会议","C",,"MEMOCODE","International Conference on Formal Methods and Models for Co-Design"
"数据库/数据挖掘/内容检索","期刊","A","D","TODS","ACM Transactions on Database Systems"
"数据库/数据挖掘/内容检索","期刊","A","D","TOIS","ACM Transactions on Information Systems"
"数据库/数据挖掘/内容检索","期刊","A","B","TKDE","IEEE Transactions on Knowledge and Data Engineering"
"数据库/数据挖掘/内容检索","期刊","A","C","VLDBJ","The VLDB Journal"
"数据库/数据挖掘/内容检索","期刊","B","D","TKDD","ACM Transactions on Knowledge Discovery from Data"
"数据库/数据挖掘/内容检索","期刊","B","D","TWEB","ACM Transactions on the Web"
"数据库/数据挖掘/内容检索","期刊","B","C","AEI","Advanced Engineering Informatics"
"数据库/数据挖掘/内容检索","期刊","B","D","DKE","Data & Knowledge Engineering"
"数据库/数据挖掘/内容检索","期刊","B","D","DMKD","Data Mining and Knowledge Discovery"
"数据库/数据挖掘/内容检索","期刊","B","D","EJIS","European Journal of Information Systems"
"数据库/数据挖掘/内容检索","期刊","B","D","","GeoInformatica"
"数据库/数据挖掘/内容检索","期刊","B","B","IPM","Information Processing and Management"
"数据库/数据挖掘/内容检索","期刊","B","B","","Information Sciences"
"数据库/数据挖掘/内容检索","期刊","B","D","IS","Information Systems"
"数据库/数据挖掘/内容检索","期刊","B","C","JASIST","Journal of the Association for Information Science and Technology"
"数据库/数据挖掘/内容检索","期刊","B","C","JWS","Journal of Web Semantics"
"数据库/数据挖掘/内容检索","期刊","B","C","KAIS","Knowledge and Information Systems"
"数据库/数据挖掘/内容检索","期刊","B",,"DSE","Data Science and Engineering"
"数据库/数据挖掘/内容检索","期刊","C","E","DPD","Distributed and Parallel Databases"
"数据库/数据挖掘/内容检索","期刊","C","C","I&M","Information & Management"
"数据库/数据挖掘/内容检索","期刊","C","E","IPL","Information Processing Letters"
"数据库/数据挖掘/内容检索","期刊","C","C","（原IR）","Discover Computing （原 Information Retrieval Journal）"
"数据库/数据挖掘/内容检索","期刊","C","E","IJCIS","International Journal of Cooperative Information Systems"
"数据库/数据挖掘/内容检索","期刊","C","C","IJGIS","International Journal of Geographical Information Science"
"数据库/数据挖掘/内容检索","期刊","C","B","IJIS","International Journal of Intelligent Systems"
"数据库/数据挖掘/内容检索","期刊","C",,"IJKM","International Journal of Knowledge Management"
"数据库/数据挖掘/内容检索","期刊","C","D","IJSWIS","International Journal on Semantic Web and Information Systems"
"数据库/数据挖掘/内容检索","期刊","C","E","JCIS","Journal of Computer Information Systems"
"数据库/数据挖掘/内容检索","期刊","C","E","JDM","Journal of Database Management"
"数据库/数据挖掘/内容检索","期刊","C",,"JGITM","Journal of Global Information Technology Management"
"数据库/数据挖掘/内容检索","期刊","C","E","JIIS","Journal of Intelligent Information Systems"
"数据库/数据挖掘/内容检索","期刊","C","C","JSIS","The Journal of Strategic Information Systems"
"数据库/数据挖掘/内容检索","期刊","C","E","TIST","ACM Transactions on Intelligent Systems and Technology"
"数据库/数据挖掘/内容检索","期刊","C",,"TORS","ACM Transactions on Recommender Systems"
"数据库/数据挖掘/内容检索","会议","A",,"SIGMOD","ACM SIGMOD Conference"
"数据库/数据挖掘/内容检索","会议","A",,"SIGKDD","ACM SIGKDD Conference on Knowledge Discovery and Data Mining"
"数据库/数据挖掘/内容检索","会议","A",,"ICDE","IEEE International Conference on Data Engineering"
"数据库/数据挖掘/内容检索","会议","A",,"SIGIR","International ACM SIGIR Conference on Research and Development in Information Retrieval"
"数据库/数据挖掘/内容检索","会议","A",,"VLDB","International Conference on Very Large Data Bases"
"数据库/数据挖掘/内容检索","会议","B",,"CIKM","ACM International Conference on Information and Knowledge Management"
"数据库/数据挖掘/内容检索","会议","B",,"WSDM","ACM International Conference on Web Search and Data Mining"
"数据库/数据挖掘/内容检索","会议","B",,"PODS","ACM SIGMOD-SIGACT-SIGAI Symposium on Principles of Database Systems"
"数据库/数据挖掘/内容检索","会议","B",,"DASFAA","International Conference on Database Systems for Advanced Applications"
"数据库/数据挖掘/内容检索","会议","B",,"ECML-PKDD","European Conference on Machine Learning  and Principles and Practice of Knowledge Discovery in Databases"
"数据库/数据挖掘/内容检索","会议","B",,"ISWC","IEEE International Semantic Web Conference"
"数据库/数据挖掘/内容检索","会议","B",,"ICDM","IEEE International Conference on Data Mining"
"数据库/数据挖掘/内容检索","会议","B",,"ICDT","International Conference on Database Theory"
"数据库/数据挖掘/内容检索","会议","B",,"EDBT","International Conference on Extending Database Technology"
"数据库/数据挖掘/内容检索","会议","B",,"CIDR","Conference on Innovative Data Systems Research"
"数据库/数据挖掘/内容检索","会议","B",,"SDM","SIAM International Conference on Data Mining"
"数据库/数据挖掘/内容检索","会议","B",,"RecSys","ACM Conference on Recommender Systems"
"数据库/数据挖掘/内容检索","会议","B",,"WISE","Web Information Systems Engineering Conference"
"数据库/数据挖掘/内容检索","会议","C",,"APWeb","Asia Pacific Web Conference"
"数据库/数据挖掘/内容检索","会议","C",,"DEXA","International Conference on Database and Expert System Applications"
"数据库/数据挖掘/内容检索","会议","C",,"ECIR","European Conference on Information Retrieval"
"数据库/数据挖掘/内容检索","会议","C",,"ESWC","Extended Semantic Web Conference"
"数据库/数据挖掘/内容检索","会议","C",,"WebDB","International Workshop on Web and  Databases"
"数据库/数据挖掘/内容检索","会议","C",,"ER","International Conference on Conceptual Modeling"
"数据库/数据挖掘/内容检索","会议","C",,"MDM","International Conference on Mobile Data Management"
"数据库/数据挖掘/内容检索","会议","C",,"SSDBM","International Conference on Scientific and Statistical Database Management"
"数据库/数据挖掘/内容检索","会议","C",,"WAIM","International Conference on Web Age Information Management"
"数据库/数据挖掘/内容检索","会议","C",,"SSTD","International Symposium on Spatial and Temporal Databases"
"数据库/数据挖掘/内容检索","会议","C",,"PAKDD","Pacific-Asia Conference on Knowledge Discovery and Data Mining"
"数据库/数据挖掘/内容检索","会议","C",,"ADMA","International Conference on Advanced Data Mining and Applications"
"数据库/数据挖掘/内容检索","会议","C",,"WISA","Web Information Systems and Applications"
"计算机科学理论","期刊","A","C","TIT","IEEE Transactions on Information Theory"
"计算机科学理论","期刊","A","D","IANDC","Information and Computation"
"计算机科学理论","期刊","A","C","SICOMP","SIAM Journal on Computing"
"计算机科学理论","期刊","B","D","TALG","ACM Transactions on Algorithms"
"计算机科学理论","期刊","B","E","TOCL","ACM Transactions on Computational Logic"
"计算机科学理论","期刊","B","C","TOMS","ACM Transactions on Mathematical Software"
"计算机科学理论","期刊","B","D","Algorithmica","Algorithmica"
"计算机科学理论","期刊","B","D","CC","Computational Complexity"
"计算机科学理论","期刊","B","D","FAC","Formal Aspects of Computing"
"计算机科学理论","期刊","B","D","FMSD","Formal Methods in System Design"
"计算机科学理论","期刊","B","D","INFORMS","INFORMS Journal on Computing"
"计算机科学理论","期刊","B","D","JCSS","Journal of Computer and System Sciences"
"计算机科学理论","期刊","B","D","JGO","Journal of Global Optimization"
"计算机科学理论","期刊","B","D","JSC","Journal of Symbolic Computation"
"计算机科学理论","期刊","B","E","MSCS","Mathematical Structures in Computer Science"
"计算机科学理论","期刊","B","E","TCS","Theoretical Computer Science"
"计算机科学理论","期刊","C","D","ACTA","Acta Informatica"
"计算机科学理论","期刊","C","C","APAL","Annals of Pure and Applied Logic"
"计算机科学理论","期刊","C","D","DAM","Discrete Applied Mathematics"
"计算机科学理论","期刊","C","E","FUIN","Fundamenta Informaticae"
"计算机科学理论","期刊","C","E","IPL","Information Processing Letters"
"计算机科学理论","期刊","C","D","JCOMPLEXI TY","Journal of Complexity"
"计算机科学理论","期刊","C","E","LOGCOM","Journal of Logic and Computation"
"计算机科学理论","期刊","C","D","JSL","The Journal of Symbolic Logic"
"计算机科学理论","期刊","C","E","LMCS","Logical Methods in Computer Science"
"计算机科学理论","期刊","C","D","SIDMA","SIAM Journal on Discrete Mathematics"
"计算机科学理论","期刊","C","D","","Theory of Computing Systems"
"计算机科学理论","期刊","C",,"TQC","ACM Transactions in Quantum Computing"
"计算机科学理论","会议","A",,"STOC","ACM Symposium on the Theory of Computing"
"计算机科学理论","会议","A",,"SODA","ACM-SIAM Symposium on Discrete Algorithms"
"计算机科学理论","会议","A",,"CAV","International Conference on Computer Aided Verification"
"计算机科学理论","会议","A",,"FOCS","IEEE Annual Symposium on Foundations of Computer Science"
"计算机科学理论","会议","A",,"LICS","ACM/IEEE Symposium on Logic in Computer Science"
"计算机科学理论","会议","B",,"SoCG","International Symposium on Computational Geometry"
"计算机科学理论","会议","B",,"ESA","European Symposium on Algorithms"
"计算机科学理论","会议","B",,"CCC","Conference on Computational Complexity"
"计算机科学理论","会议","B",,"ICALP","International Colloquium on Automata, Languages and Programming"
"计算机科学理论","会议","B",,"CADE","Conference on Automated Deduction"
"计算机科学理论","会议","B",,"CONCUR","International Conference on Concurrency Theory"
"计算机科学理论","会议","B",,"HSCC","International Conference on Hybrid Systems: Computation and Control"
"计算机科学理论","会议","B",,"SAT","International Conference on Theory and Applications of Satisfiability Testing"
"计算机科学理论","会议","B",,"COCOON","International Computing and Combinatorics Conference"
"计算机科学理论","会议","B",,"FMCAD","Formal Methods in Computer-Aided Design"
"计算机科学理论","会议","C",,"CSL","Computer Science Logic"
"计算机科学理论","会议","C",,"FSTTCS","Foundations of Software Technology and Theoretical Computer Science"
"计算机科学理论","会议","C",,"DSAA","IEEE International Conference on Data Science and Advanced Analytics"
"计算机科学理论","会议","C",,"ICTAC","International Colloquium on Theoretical Aspects of Computing"
"计算机科学理论","会议","C",,"IPCO","International Conference on Integer Programming and Combinatorial Optimization"
"计算机科学理论","会议","C",,"FSCD （原RTA）","International Conference on Formal Structures for Computation and Deduction"
"计算机科学理论","会议","C",,"ISAAC","International Symposium on Algorithms and Computation"
"计算机科学理论","会议","C",,"MFCS","International Conference on Mathematical Foundations of Computer Science"
"计算机科学理论","会议","C",,"STACS","Symposium on Theoretical Aspects of Computer Science"
"计算机科学理论","会议","C",,"SETTA","International Symposium on Software Engineering: Theories, Tools, and Applications"
"计算机图形学与多媒体","期刊","A","B","TOG","ACM Transactions on Graphics"
"计算机图形学与多媒体","期刊","A","B","TIP","IEEE Transactions on Image Processing"
"计算机图形学与多媒体","期刊","A","B","TVCG","IEEE Transactions on Visualization and Computer Graphics"
"计算机图形学与多媒体","期刊","A","B","TMM","IEEE Transactions on Multimedia"
"计算机图形学与多媒体","期刊","B","D","TOMM","ACM Transactions on Multimedia Computing, Communications and Applications"
"计算机图形学与多媒体","期刊","B","D","CAGD","Computer Aided Geometric Design"
"计算机图形学与多媒体","期刊","B","D","CGF","Computer Graphics Forum"
"计算机图形学与多媒体","期刊","B","C","CAD","Computer-Aided Design"
"计算机图形学与多媒体","期刊","B","B","TCSVT","IEEE Transactions on Circuits and Systems for Video Technology"
"计算机图形学与多媒体","期刊","B","D","JASA","The Journal of the Acoustical Society of America"
"计算机图形学与多媒体","期刊","B","C","SIIMS","SIAM Journal on Imaging Sciences"
"计算机图形学与多媒体","期刊","B","D","SPECOM","Speech Communication"
"计算机图形学与多媒体","期刊","B",,"CVMJ","Computational Visual Media"
"计算机图形学与多媒体","期刊","C","E","CGTA","Computational Geometry: Theory and Applications"
"计算机图形学与多媒体","期刊","C","E","CAVW","Computer animation & virtual worlds"
"计算机图形学与多媒体","期刊","C","E","C&G","Computers & Graphics"
"计算机图形学与多媒体","期刊","C","D","DCG","Discrete & Computational Geometry"
"计算机图形学与多媒体","期刊","C","B","SPL","IEEE Signal Processing Letters"
"计算机图形学与多媒体","期刊","C","D","IET-IPR","IET Image Processing"
"计算机图形学与多媒体","期刊","C","D","JVCIR","Journal of Visual Communication and Image  Representation"
"计算机图形学与多媒体","期刊","C","E","MS","Multimedia Systems"
"计算机图形学与多媒体","期刊","C","D","MTA","Multimedia Tools and Applications"
"计算机图形学与多媒体","期刊","C","B","SIGPRO","Signal Processing"
"计算机图形学与多媒体","期刊","C","C","IMAGE","Signal Processing: Image Communication"
"计算机图形学与多媒体","期刊","C","D","TVC","The Visual Computer"
"计算机图形学与多媒体","期刊","C",,"VI","Visual Informatics"
"计算机图形学与多媒体","期刊","C",,"VRIH","Virtual Reality & Intelligent Hardware"
"计算机图形学与多媒体","期刊","C","E","GMOD","Graphical Models"
"计算机图形学与多媒体","会议","A",,"ACM MM","ACM International Conference on Multimedia"
"计算机图形学与多媒体","会议","A",,"SIGGRAPH","ACM Special Interest Group on Computer Graphics"
"计算机图形学与多媒体","会议","A",,"VR","IEEE Conference on Virtual Reality and 3D User Interfaces （原 IEEE Virtual Reality）"
"计算机图形学与多媒体","会议","A",,"IEEE VIS","IEEE Visualization Conference"
"计算机图形学与多媒体","会议","B",,"ICMR","ACM SIGMM International Conference on Multimedia Retrieval"
"计算机图形学与多媒体","会议","B",,"I3D","ACM SIGGRAPH Symposium on Interactive 3D Graphics and Games"
"计算机图形学与多媒体","会议","B",,"SCA","ACM SIGGRAPH/Eurographics Symposium on Computer Animation"
"计算机图形学与多媒体","会议","B",,"DCC","Data Compression Conference"
"计算机图形学与多媒体","会议","B",,"Eurographics","Annual Conference of the European Association for Computer Graphics"
"计算机图形学与多媒体","会议","B",,"EuroVis","Eurographics Conference on Visualization"
"计算机图形学与多媒体","会议","B",,"SGP","Eurographics Symposium on Geometry Processing"
"计算机图形学与多媒体","会议","B",,"EGSR","Eurographics Symposium on Rendering"
"计算机图形学与多媒体","会议","B",,"ICASSP","IEEE International Conference on Acoustics, Speech and Signal Processing"
"计算机图形学与多媒体","会议","B",,"ICME","IEEE International Conference on  Multimedia & Expo"
"计算机图形学与多媒体","会议","B",,"ISMAR","International Symposium on Mixed and Augmented Reality"
"计算机图形学与多媒体","会议","B",,"PG","Pacific Conference onComputer Graphics and Applications"
"计算机图形学与多媒体","会议","B",,"SPM","Symposium on Solid and Physical Modeling"
"计算机图形学与多媒体","会议","B",,"INTER-SPEECH","Conference of the International Speech Communication Association"
"计算机图形学与多媒体","会议","C",,"VRST","ACM Symposium on Virtual Reality Software and Technology"
"计算机图形学与多媒体","会议","C",,"CASAXR （原CASA）","International Conference on Computer Animation, Social Agents, and Extended Reality （原 International Conference on Computer Animation and Social Agents）"
"计算机图形学与多媒体","会议","C",,"CGI","Computer Graphics International"
"计算机图形学与多媒体","会议","C",,"GMP","Geometric Modeling and Processing"
"计算机图形学与多媒体","会议","C",,"PacificVis","IEEE Pacific Visualization Symposium"
"计算机图形学与多媒体","会议","C",,"3DV","International Conference on 3D Vision"
"计算机图形学与多媒体","会议","C",,"CAD/Graphics","International Conference on Computer-Aided Design and Computer Graphics Processing"
"计算机图形学与多媒体","会议","C",,"ICIP","IEEE International Conference on Image Processing"
"计算机图形学与多媒体","会议","C",,"MMM","International Conference on Multimedia Modeling"
"计算机图形学与多媒体","会议","C",,"MMAsia","ACM Multimedia Asia"
"计算机图形学与多媒体","会议","C",,"SMI","Shape Modeling International"
"计算机图形学与多媒体","会议","C",,"CVM","Computational Visual Media"
"计算机图形学与多媒体","会议","C",,"PRCV","Chinese Conference on Pattern Recognition and Computer Vision"
"计算机图形学与多媒体","会议","C",,"ICIG","International Conference on Image and Graphics"
"计算机图形学与多媒体","会议","C",,"NCMMSC","National Conference on Man-Machine Speech Communication"
"计算机图形学与多媒体","会议","C",,"ASRU","Automatic Speech Recognition and Understanding Workshop"
"计算机图形学与多媒体","会议","C",,"SLT","Spoken Language Technology"
"人工智能","期刊","A","C","AI","Artificial Intelligence"
"人工智能","期刊","A","B","TPAMI","IEEE Transactions on Pattern Analysis and Machine Intelligence"
"人工智能","期刊","A","C","IJCV","International Journal of Computer Vision"
"人工智能","期刊","A","D","JMLR","Journal of Machine Learning Research"
"人工智能","期刊","B","E","TAP","ACM Transactions on Applied Perception"
"人工智能","期刊","B","D","AAMAS","Autonomous Agents and Multi-Agent Systems"
"人工智能","期刊","B","E","","Computational Linguistics"
"人工智能","期刊","B","D","CVIU","Computer Vision and Image Understanding"
"人工智能","期刊","B","D","DKE","Data & Knowledge Engineering"
"人工智能","期刊","B","D","","Evolutionary Computation"
"人工智能","期刊","B","C","TAC","IEEE Transactions on Affective Computing"
"人工智能","期刊","B","B","TASLP","IEEE Transactions on Audio, Speech and Language Processing （原 IEEE/ACM Transactions on Audio, Speech and Language Processing）"
"人工智能","期刊","B","B","","IEEE Transactions on Cybernetics"
"人工智能","期刊","B","B","TEC","IEEE Transactions on Evolutionary Computation"
"人工智能","期刊","B","B","TFS","IEEE Transactions on Fuzzy Systems"
"人工智能","期刊","B","B","TNNLS","IEEE Transactions on Neural Networks and learning systems"
"人工智能","期刊","B","D","IJAR","International Journal of Approximate Reasoning"
"人工智能","期刊","B","D","JAIR","Journal of Artificial Intelligence Research"
"人工智能","期刊","B","E","","Journal of Automated Reasoning"
"人工智能","期刊","B","C","JSLHR","Journal of Speech, Language, and Hearing Research"
"人工智能","期刊","B","D","","Machine Learning"
"人工智能","期刊","B","E","","Neural Computation"
"人工智能","期刊","B","C","","Neural Networks"
"人工智能","期刊","B","B","PR","Pattern Recognition"
"人工智能","期刊","B",,"TACL","Transactions of the Association for Computational Linguistics"
"人工智能","期刊","C","E","TALLIP","ACM Transactions on Asian and Low-Resource Language Information Processing"
"人工智能","期刊","C","C","","Applied Intelligence"
"人工智能","期刊","C","C","AIM","Artificial Intelligence in Medicine"
"人工智能","期刊","C","E","","Artificial Life"
"人工智能","期刊","C","E","","Computational Intelligence"
"人工智能","期刊","C","C","","Computer Speech & Language"
"人工智能","期刊","C","E","","Connection Science"
"人工智能","期刊","C","C","DSS","Decision Support Systems"
"人工智能","期刊","C","C","EAAI","Engineering Applications of Artificial Intelligence"
"人工智能","期刊","C","E","","Expert Systems"
"人工智能","期刊","C","C","ESWA","Expert Systems with Applications"
"人工智能","期刊","C","B","","Fuzzy Sets and Systems"
"人工智能","期刊","C",,"TG","IEEE Transactions on Games"
"人工智能","期刊","C","E","IET-CVI","IET Computer Vision"
"人工智能","期刊","C","D","","IET Signal Processing"
"人工智能","期刊","C","D","IVC","Image and Vision Computing"
"人工智能","期刊","C","E","IDA","Intelligent Data Analysis"
"人工智能","期刊","C",,"IJCIA","International Journal of Computational Intelligence and Applications"
"人工智能","期刊","C","B","IJIS","International Journal of Intelligent Systems"
"人工智能","期刊","C","B","IJNS","International Journal of Neural Systems"
"人工智能","期刊","C","E","IJPRAI","International Journal of Pattern Recognition and Artificial Intelligence"
"人工智能","期刊","C","E","IJUFKS","International Journal of Uncertainty, Fuzziness and Knowledge-Based Systems"
"人工智能","期刊","C","E","IJDAR","International Journal on Document Analysis and Recognition"
"人工智能","期刊","C","E","JETAI","Journal of Experimental and Theoretical Artificial Intelligence"
"人工智能","期刊","C","B","KBS","Knowledge-Based Systems"
"人工智能","期刊","C",,"","Machine Translation"
"人工智能","期刊","C","E","","Machine Vision and Applications"
"人工智能","期刊","C","E","","Natural Computing"
"人工智能","期刊","C","E","NLE","Natural Language Engineering"
"人工智能","期刊","C","D","NCA","Neural Computing and Applications"
"人工智能","期刊","C","E","NPL","Neural Processing Letters"
"人工智能","期刊","C","B","","Neurocomputing"
"人工智能","期刊","C","E","PAA","Pattern Analysis and Applications"
"人工智能","期刊","C","C","PRL","Pattern Recognition Letters"
"人工智能","期刊","C","C","","Soft Computing"
"人工智能","期刊","C",,"WI","Web Intelligence"
"人工智能","期刊","C",,"TIIS","ACM Transactions on Interactive Intelligent Systems"
"人工智能","期刊","C",,"TELO","ACM Transactions on Evolutionary Learning and Optimization"
"人工智能","期刊","C",,"JATS","ACM Journal on Autonomous Transportation Systems"
"人工智能","会议","A",,"AAAI","AAAI Conference on Artificial Intelligence"
"人工智能","会议","A",,"NeurIPS","Conference on Neural Information Processing Systems"
"人工智能","会议","A",,"ACL","Annual Meeting of the Association for Computational Linguistics"
"人工智能","会议","A",,"CVPR","IEEE/CVF Computer Vision and Pattern Recognition Conference"
"人工智能","会议","A",,"ICCV","International Conference on Computer Vision"
"人工智能","会议","A",,"ICML","International Conference on Machine Learning"
"人工智能","会议","A",,"ICLR","International Conference on Learning Representations"
"人工智能","会议","B",,"COLT","Annual Conference on Computational Learning Theory"
"人工智能","会议","B",,"EMNLP","Conference on Empirical  Methods in Natural Language Processing"
"人工智能","会议","B",,"ECAI","European Conference on Artificial Intelligence"
"人工智能","会议","B",,"ECCV","European Conference on Computer Vision"
"人工智能","会议","B",,"ICRA","IEEE International Conference on Robotics and Automation"
"人工智能","会议","B",,"ICAPS","International Conference on Automated Planning and Scheduling"
"人工智能","会议","B",,"ICCBR","International Conference on Case-Based Reasoning"
"人工智能","会议","B",,"COLING","International Conference on Computational Linguistics"
"人工智能","会议","B",,"KR","International Conference on Principles of Knowledge Representation and Reasoning"
"人工智能","会议","B",,"UAI","Conference on Uncertainty in Artificial Intelligence"
"人工智能","会议","B",,"AAMAS","International Joint Conference on Autonomous Agents and Multi-agent Systems"
"人工智能","会议","B",,"PPSN","Parallel Problem Solving from  Nature"
"人工智能","会议","B",,"NAACL","North American Chapter of the Association for Computational Linguistics"
"人工智能","会议","B",,"IJCAI","International Joint Conference on Artificial Intelligence"
"人工智能","会议","C",,"AISTATS","International Conference on Artificial Intelligence and Statistics"
"人工智能","会议","C",,"ACCV","Asian Conference on Computer Vision"
"人工智能","会议","C",,"ACML","Asian Conference on Machine Learning"
"人工智能","会议","C",,"BMVC","British Machine Vision Conference"
"人工智能","会议","C",,"NLPCC","CCF International Conference on Natural Language Processing and Chinese Computing"
"人工智能","会议","C",,"CoNLL","Conference on Computational Natural Language Learning"
"人工智能","会议","C",,"GECCO","Genetic and Evolutionary Computation Conference"
"人工智能","会议","C",,"ICTAI","IEEE International Conference on Tools with Artificial Intelligence"
"人工智能","会议","C",,"IROS","IEEE\RSJ International Conference on Intelligent Robots and Systems"
"人工智能","会议","C",,"ALT","International Conference on Algorithmic Learning Theory"
"人工智能","会议","C",,"ICANN","International Conference on Artificial Neural Networks"
"人工智能","会议","C",,"FG","IEEE International Conference on Automatic Face and Gesture Recognition"
"人工智能","会议","C",,"ICDAR","International Conference on Document Analysis and Recognition"
"人工智能","会议","C",,"ILP","International Conference on Inductive Logic Programming"
"人工智能","会议","C",,"KSEM","International conference on Knowledge Science, Engineering and Management"
"人工智能","会议","C",,"ICONIP","International Conference on Neural Information Processing"
"人工智能","会议","C",,"ICPR","International Conference on Pattern Recognition"
"人工智能","会议","C",,"IJCB","International Joint Conference on Biometrics"
"人工智能","会议","C",,"IJCNN","International Joint Conference on Neural Networks"
"人工智能","会议","C",,"PRICAI","Pacific Rim International Conference on Artificial Intelligence"
"人工智能","会议","C",,"IEEE CEC","Congress on Evolutionary Computation"
"人工智能","会议","C",,"DAI","International Conference on Distributed Artificial Intelligence"
"人机交互与普适计算","期刊","A","C","TOCHI","ACM Transactions on Computer-Human Interaction"
"人机交互与普适计算","期刊","A","D","IJHCS","International Journal of Human-Computer Studies"
"人机交互与普适计算","期刊","B","D","CSCW","Computer Supported Cooperative Work"
"人机交互与普适计算","期刊","B","D","HCI","Human-Computer Interaction"
"人机交互与普适计算","期刊","B","C","","IEEE Transactions on Human-Machine Systems"
"人机交互与普适计算","期刊","B","E","IWC","Interacting with Computers"
"人机交互与普适计算","期刊","B","E","IJHCI","International Journal of Human-Computer Interaction"
"人机交互与普适计算","期刊","B","C","UMUAI","User Modeling and User-Adapted Interaction"
"人机交互与普适计算","期刊","B","B","TSMC","IEEE Transactions on Systems, Man,and Cybernetics: Systems"
"人机交互与普适计算","期刊","B",,"CCF TPCI","CCF Transactions on Pervasive Computing and Interaction"
"人机交互与普适计算","期刊","C","E","BIT","Behaviour & Information Technology"
"人机交互与普适计算","期刊","C","E","PUC","Personal and Ubiquitous Computing"
"人机交互与普适计算","期刊","C","D","PMC","Pervasive and Mobile Computing"
"人机交互与普适计算","期刊","C",,"PACMHCI","Proceedings of the ACM on Human-Computer Interaction"
"人机交互与普适计算","期刊","C",,"THRI","ACM Transactions on Human-Robot Interaction"
"人机交互与普适计算","会议","A",,"CSCW","ACM Conference On Computer-Supported Cooperative Work And Social Computing"
"人机交互与普适计算","会议","A",,"CHI","ACM Conference on Human Factors in Computing Systems"
"人机交互与普适计算","会议","A",,"UbiComp","ACM international joint conference on Pervasive and Ubiquitous Computing"
"人机交互与普适计算","会议","A",,"UIST","ACM Symposium on User Interface Software and Technology"
"人机交互与普适计算","会议","B",,"GROUP","ACM International Conference on Supporting Group Work"
"人机交互与普适计算","会议","B",,"IUI","ACM International Conference on Intelligent User Interfaces"
"人机交互与普适计算","会议","B",,"ISS","ACM International Conference on Interactive Surfaces and Spaces"
"人机交互与普适计算","会议","B",,"ECSCW","European Conference on Computer Supported Cooperative Work"
"人机交互与普适计算","会议","B",,"PERCOM","IEEE International Conference on Pervasive Computing and Communications"
"人机交互与普适计算","会议","B",,"MobileHCI","ACM International Conference on Mobile Human-Computer Interaction"
"人机交互与普适计算","会议","B",,"ICWSM","The International AAAI Conference on Web and Social Media"
"人机交互与普适计算","会议","C",,"DIS","ACM SIGCHI Conference on Designing Interactive Systems"
"人机交互与普适计算","会议","C",,"ICMI","ACM International Conference on Multimodal Interaction"
"人机交互与普适计算","会议","C",,"ASSETS","International ACM SIGACCESS Conference on Computers and Accessibility"
"人机交互与普适计算","会议","C",,"GI","Graphics Interface"
"人机交互与普适计算","会议","C",,"UIC","IEEE International Conference on Ubiquitous Intelligence and  Computing"
"人机交互与普适计算","会议","C",,"","IEEE World Haptics Conference"
"人机交互与普适计算","会议","C",,"INTERACT","International Conference on Human- Computer Interaction of International Federation for Information Processing"
"人机交互与普适计算","会议","C",,"IDC","ACM Interaction Design and Children"
"人机交互与普适计算","会议","C",,"CollaborateCom","International Conference on Collaborative Computing: Networking, Applications and Worksharing"
"人机交互与普适计算","会议","C",,"CSCWD","International Conference on Computer Supported Cooperative Work in Design"
"人机交互与普适计算","会议","C",,"CoopIS","International Conference on Cooperative Information Systems"
"人机交互与普适计算","会议","C",,"MobiQuitous","International Conference on Mobile and Ubiquitous Systems: Computing, Networking and Services"
"人机交互与普适计算","会议","C",,"AVI","International Working Conference on Advanced Visual Interfaces"
"人机交互与普适计算","会议","C",,"GPC","Conference on Green, Pervasive and Cloud Computing"
"人机交互与普适计算","会议","C",,"ICXR","CCF International Conference on Extended Reality"
"交叉/综合/新兴","期刊","A","B","JACM","Journal of the ACM"
"交叉/综合/新兴","期刊","A","A-","Proc. IEEE","Proceedings of the IEEE"
"交叉/综合/新兴","期刊","A","C","SCIS","Science China Information Sciences"
"交叉/综合/新兴","期刊","A","D","Bioinformatics","Bioinformatics"
"交叉/综合/新兴","期刊","B","C","","Briefings in Bioinformatics"
"交叉/综合/新兴","期刊","B",,"Cognition","Cognition"
"交叉/综合/新兴","期刊","B","C","TASAE","IEEE Transactions on Automation Science and Engineering"
"交叉/综合/新兴","期刊","B","B","TGARS","IEEE Transactions on Geoscience and Remote Sensing"
"交叉/综合/新兴","期刊","B","B","TITS","IEEE Transactions on Intelligent Transportation Systems"
"交叉/综合/新兴","期刊","B","B","TMI","IEEE Transactions on Medical Imaging"
"交叉/综合/新兴","期刊","B","B","TR","IEEE Transactions on Robotics"
"交叉/综合/新兴","期刊","B","D","TCBB","IEEE/ACM Transactions on Computational Biology and Bioinformatics"
"交叉/综合/新兴","期刊","B","D","JCST","Journal of Computer Science and Technology"
"交叉/综合/新兴","期刊","B","B","JAMIA","Journal of the American Medical Informatics Association"
"交叉/综合/新兴","期刊","B","C","","PLOS Computational Biology"
"交叉/综合/新兴","期刊","B","E","","The Computer Journal"
"交叉/综合/新兴","期刊","B","D","WWW","World Wide Web"
"交叉/综合/新兴","期刊","B","D","FCS","Frontiers of Computer Science"
"交叉/综合/新兴","期刊","B",,"BCRA","Blockchain: Research and Applications"
"交叉/综合/新兴","期刊","C","D","","BMC Bioinformatics"
"交叉/综合/新兴","期刊","C","E","","Cybernetics and Systems"
"交叉/综合/新兴","期刊","C","C","","IEEE Geoscience and Remote Sensing Letters"
"交叉/综合/新兴","期刊","C","C","JBHI","IEEE Journal of Biomedical and Health Informatics"
"交叉/综合/新兴","期刊","C",,"TBD","IEEE Transactions on Big Data"
"交叉/综合/新兴","期刊","C","D","","IET Intelligent Transport Systems"
"交叉/综合/新兴","期刊","C","C","JBI","Journal of Biomedical Informatics"
"交叉/综合/新兴","期刊","C","B","","Medical Image Analysis"
"交叉/综合/新兴","期刊","C","B","TII","IEEE Transactions on Industrial Informatics"
"交叉/综合/新兴","期刊","C",,"TCPS","ACM Transactions on Cyber-Physical Systems"
"交叉/综合/新兴","期刊","C","D","TOCE","ACM Transactions on Computing Education"
"交叉/综合/新兴","期刊","C","D","EITEE （原FITEE）","ENGINEERING Information Technology & Electronic Engineering （原 Frontiers of Information Technology & Electronic Engineering）"
"交叉/综合/新兴","期刊","C",,"TCSS","IEEE Transactions on Computational Social Systems"
"交叉/综合/新兴","期刊","C","C","","IEEE Transactions on Reliability"
"交叉/综合/新兴","期刊","C",,"HEALTH","ACM Transactions on Computing for Healthcare"
"交叉/综合/新兴","期刊","C",,"ACM DLT","ACM Distributed Ledger Technologies: Research and Practice"
"交叉/综合/新兴","会议","A",,"WWW","The Web Conference （原 International World Wide Web Conference）"
"交叉/综合/新兴","会议","A",,"RTSS","IEEE Real-Time Systems Symposium"
"交叉/综合/新兴","会议","B",,"CogSci","Annual Meeting of the Cognitive Science Society"
"交叉/综合/新兴","会议","B",,"BIBM","IEEE International Conference on Bioinformatics and Biomedicine"
"交叉/综合/新兴","会议","B",,"EMSOFT","International Conference on Embedded Software"
"交叉/综合/新兴","会议","B",,"ISMB","International conference on Intelligent Systems for Molecular Biology"
"交叉/综合/新兴","会议","B",,"RECOMB","Annual International Conference on Research in Computational Molecular Biology"
"交叉/综合/新兴","会议","B",,"MICCAI","International Conference on Medical Image Computing and Computer-Assisted Intervention"
"交叉/综合/新兴","会议","B",,"WINE","Conference on Web and Internet  Economics"
"交叉/综合/新兴","会议","C",,"AMIA","American Medical Informatics Association Annual Symposium"
"交叉/综合/新兴","会议","C",,"APBC","Asia Pacific Bioinformatics Conference"
"交叉/综合/新兴","会议","C",,"IEEE BigData","IEEE International Conference on Big Data"
"交叉/综合/新兴","会议","C",,"IEEE CLOUD","IEEE International Conference on Cloud Computing"
"交叉/综合/新兴","会议","C",,"SMC","IEEE International Conference on Systems, Man, and Cybernetics"
"交叉/综合/新兴","会议","C",,"COSIT","International Conference on Spatial Information Theory"
"交叉/综合/新兴","会议","C",,"ISBRA","International Symposium on Bioinformatics Research and Applications"
"交叉/综合/新兴","会议","C",,"SAGT","International Symposium on Algorithmic Game Theory"
"交叉/综合/新兴","会议","C",,"SIGSPATIAL","ACM Special Interest Group on Spatial Information"
"交叉/综合/新兴","会议","C",,"ICIC","International Conference on Intelligent Computing"
"交叉/综合/新兴","会议","C",,"ICSS","International Conference on Service Science"
"交叉/综合/新兴","会议","C",,"AFT","Advances in Financial Technologies"
"交叉/综合/新兴","会议","C",,"IJTCS-FAW","International Joint Conference on Theoretical Computer Science - Frontier of Algorithmic Wisdom"
